"id","YCoordinate","XCoordinate","elevation","slope","aspect","region","country","geometry","area","map_class"
499,11.2608315440629,103.531803908596,44,0.0128552390329772,0.912192115284972,"Kaôh Kong","Cambodia","points",1,"Deforestation crops"
94,11.2839538259775,104.125324435827,136,0.0187649725241157,2.00340811302987,"Kâmpóng Spœ","Cambodia","points",1,"Deforestation crops"
823,11.8969293508593,104.247266459746,181,0.0393717250562149,1.48459653869686,"Kâmpóng Spœ","Cambodia","points",1,"Deforestation crops"
790,12.0504370580394,106.211741956904,69,0.011991444056289,4.49576810928833,"Krâchéh","Cambodia","points",1,"Deforestation crops"
572,12.2453384906147,106.550191174557,98,0.010335601695431,5.37713085187507,"Krâchéh","Cambodia","points",1,"Deforestation crops"
883,12.2972466614492,106.219734213945,93,0.0213316526478368,1.23381894861074,"Krâchéh","Cambodia","points",1,"Deforestation crops"
912,12.5148162604771,105.424250713634,51,0.00368601156293205,3.02901820297625,"Kâmpóng Thum","Cambodia","points",1,"Deforestation crops"
